{"performance": {"INBOX": {"start": {"total": 0.0002243518829345703, "ctr": 7}, "_restore_queue_items": {"total": 0.02671074867248535, "ctr": 7}, "while_loop_start": {"total": 0.0001850128173828125, "ctr": 7}, "while_loop_itteration": {"total": 0.015090784896572527, "ctr": 986}, "restore_queue": {"total": 0.029561412568054068, "ctr": 986}, "broch_modeLapses": {"total": 0.04835611121018302, "ctr": 813}}, "_GET": {"start": {"total": 0.0009002685546875, "ctr": 241}, "_nodeinfo[calling_domain]": {"total": 0.004721879959106445, "ctr": 241}, "_security_txt[calling_domain]": {"total": 0.005493879318237305, "ctr": 241}, "show logout": {"total": 0.0060236454010009766, "ctr": 241}, "get cookie": {"total": 0.007048368453979492, "ctr": 241}, "isAuthorized": {"total": 0.0075490474700927734, "ctr": 202}, "_masto_api[calling_domain]": {"total": 0.011259078979492188, "ctr": 202}, "create session": {"total": 0.012375116348266602, "ctr": 202}, "hasAccept": {"total": 0.013437509536743164, "ctr": 164}, "fonts": {"total": 0.011584997177124023, "ctr": 129}, "sharedInbox enabled": {"total": 0.011847734451293945, "ctr": 129}, "rss2 done": {"total": 0.012069225311279297, "ctr": 129}, "get_featured_tags_collection done": {"total": 0.012454032897949219, "ctr": 129}, "blog view done": {"total": 0.012750625610351562, "ctr": 129}, "show_blog_page": {"total": 0.012961626052856445, "ctr": 129}, "blog post 2 done": {"total": 0.013200044631958008, "ctr": 129}, "remove shared item done": {"total": 0.013475894927978516, "ctr": 129}, "terms of service done": {"total": 0.013602733612060547, "ctr": 128}, "following accounts done": {"total": 0.01378321647644043, "ctr": 128}, "followers accounts done": {"total": 0.013964414596557617, "ctr": 128}, "show about screen done": {"total": 0.014137744903564453, "ctr": 125}, "show login screen done": {"total": 0.013943672180175781, "ctr": 119}, "manifest logo done": {"total": 0.013048171997070312, "ctr": 108}, "show screenshot done": {"total": 0.013344764709472656, "ctr": 108}, "login screen logo done": {"total": 0.012155532836914062, "ctr": 93}, "account qrcode done": {"total": 0.012282609939575195, "ctr": 93}, "search screen banner done": {"total": 0.012418270111083984, "ctr": 93}, "background shown done": {"total": 0.010062217712402344, "ctr": 77}, "show emoji done": {"total": 0.01016092300415039, "ctr": 77}, "show media done": {"total": 0.010281085968017578, "ctr": 77}, "share image done": {"total": 0.010379552841186523, "ctr": 77}, "help screen image done": {"total": 0.008401155471801758, "ctr": 62}, "cached avatar done": {"total": 0.008481979370117188, "ctr": 62}, "avatar or banner shown done": {"total": 0.008649349212646484, "ctr": 62}, "GET busy time": {"total": 0.008789777755737305, "ctr": 60}, "permitted directory": {"total": 0.009059667587280273, "ctr": 60}, "login shown": {"total": 0.08253002166748047, "ctr": 59}, "_get_style_sheet": {"total": 0.008477210998535156, "ctr": 21}, "manifest logo shown": {"total": 0.018642187118530273, "ctr": 11}, "_get_fonts": {"total": 0.023478031158447266, "ctr": 4}, "login screen logo": {"total": 0.035480499267578125, "ctr": 15}, "show_icon": {"total": 0.019498586654663086, "ctr": 15}, "_get_fonts cache": {"total": 0.01366877555847168, "ctr": 10}, "_progressive_web_app_manifest": {"total": 0.011947870254516602, "ctr": 3}, "show about screen": {"total": 0.0208737850189209, "ctr": 3}, "person options done": {"total": 8.320808410644531e-05, "ctr": 1}, "login shown done": {"total": 0.00014352798461914062, "ctr": 1}, "hashtag search done": {"total": 0.00014781951904296875, "ctr": 1}, "search screen shown done": {"total": 0.00015091896057128906, "ctr": 1}, "calendar shown done": {"total": 0.000152587890625, "ctr": 1}, "calendar delete shown done": {"total": 0.00015401840209960938, "ctr": 1}, "emoji search shown done": {"total": 0.0001556873321533203, "ctr": 1}, "show announce done": {"total": 0.0001575946807861328, "ctr": 1}, "unannounce done": {"total": 0.0001590251922607422, "ctr": 1}, "follow approve done": {"total": 0.00016045570373535156, "ctr": 1}, "follow deny done": {"total": 0.0001614093780517578, "ctr": 1}, "like button done": {"total": 0.0001628398895263672, "ctr": 1}, "unlike button done": {"total": 0.00016379356384277344, "ctr": 1}, "emoji reaction button done": {"total": 0.00016570091247558594, "ctr": 1}, "unreaction button done": {"total": 0.0001671314239501953, "ctr": 1}, "bookmark shown done": {"total": 0.0003376007080078125, "ctr": 2}, "unbookmark shown done": {"total": 0.00017070770263671875, "ctr": 1}, "delete shown done": {"total": 0.00017189979553222656, "ctr": 1}, "post muted done": {"total": 0.00017309188842773438, "ctr": 1}, "unmute activated done": {"total": 0.0001742839813232422, "ctr": 1}, "new post done": {"total": 0.00020575523376464844, "ctr": 1}, "individual post done": {"total": 0.00021958351135253906, "ctr": 1}, "post replies done": {"total": 0.00022125244140625, "ctr": 1}, "show roles done": {"total": 0.00022268295288085938, "ctr": 1}, "show skills done": {"total": 0.0002238750457763672, "ctr": 1}, "show status done": {"total": 0.0002257823944091797, "ctr": 1}, "show inbox done": {"total": 0.00022721290588378906, "ctr": 1}, "show dms done": {"total": 0.0002288818359375, "ctr": 1}, "show replies 2 done": {"total": 0.00023031234741210938, "ctr": 1}, "show media 2 done": {"total": 0.0002319812774658203, "ctr": 1}, "show blogs 2 done": {"total": 0.0002334117889404297, "ctr": 1}, "show news 2 done": {"total": 0.00023555755615234375, "ctr": 1}, "show shares 2 done": {"total": 0.0002372264862060547, "ctr": 1}, "show bookmarks 2 done": {"total": 0.00023937225341796875, "ctr": 1}, "show outbox done": {"total": 0.00024080276489257812, "ctr": 1}, "show moderation done": {"total": 0.0002422332763671875, "ctr": 1}, "show profile 2 done": {"total": 0.0002551078796386719, "ctr": 1}, "show profile 3 done": {"total": 0.0003199577331542969, "ctr": 1}, "show moved 4 done": {"total": 0.0003325939178466797, "ctr": 1}, "show inactive 5 done": {"total": 0.0003437995910644531, "ctr": 1}, "show profile 5 done": {"total": 0.0003540515899658203, "ctr": 1}, "_show_person_profile": {"total": 0.007246971130371094, "ctr": 1}, "_redirect_to_login_screen": {"total": 0.0018541812896728516, "ctr": 6}, "terms of service shown": {"total": 0.004438638687133789, "ctr": 1}}}}